{"version":"0.4","title":"Podcast &#8211; Single","type":"single-post","content":[{"id":"37cf87b7","settings":{"height":"min-height","custom_height":{"unit":"px","size":300,"sizes":[]},"background_background":"classic","background_color_b":"#1D2C3B","background_position":"center center","background_repeat":"no-repeat","background_size":"cover","background_motion_fx_motion_fx_scrolling":"yes","background_motion_fx_translateY_effect":"yes","background_motion_fx_blur_level":{"unit":"px","size":1,"sizes":[]},"background_motion_fx_scale_effect":"yes","background_motion_fx_scale_speed":{"unit":"px","size":5,"sizes":[]},"background_overlay_background":"gradient","background_overlay_color":"#1D2C3B00","background_overlay_color_b":"#1D2C3B","background_overlay_opacity":{"unit":"px","size":1,"sizes":[]},"__dynamic__":{"background_image":"[elementor-tag id=\"41fbae0\" name=\"post-featured-image\" settings=\"%7B%22fallback%22%3A%7B%22url%22%3A%22https%3A%2F%2Fssp-testing.xyz%2Fwp-content%2Fuploads%2F2020%2F10%2Fpodcast-page-header.png%22%2C%22id%22%3A1418%7D%7D\"]"},"background_color":"#1D2C3B"},"elements":[{"id":"60219360","settings":{"_column_size":100,"_inline_size":null,"space_between_widgets":10},"elements":[{"id":"407c199","settings":{"text_color":"#FFFFFF","typography_typography":"custom","typography_font_family":"Roboto","typography_font_size":{"unit":"px","size":16,"sizes":[]},"typography_font_weight":"400","__dynamic__":{"editor":"[elementor-tag id=\"f295081\" name=\"post-date\" settings=\"%7B%7D\"]"},"align":"center"},"elements":[],"isInner":false,"widgetType":"text-editor","elType":"widget"},{"id":"66039d70","settings":{"__dynamic__":{"title":"[elementor-tag id=\"\" name=\"post-title\" settings=\"%7B%22before%22%3A%22%22%2C%22after%22%3A%22%22%2C%22fallback%22%3A%22%22%7D\"]"},"title":"Add Your Heading Text Here","custom_css":"selector {\n    text-transform: capitalize;\n}","align":"center","typography_typography":"custom","typography_font_family":"Roboto","typography_font_weight":"600","text_shadow_text_shadow_type":"yes","text_shadow_text_shadow":{"horizontal":0,"vertical":2,"blur":13,"color":"rgba(0, 0, 0, 0.2)"}},"elements":[],"isInner":false,"widgetType":"theme-post-title","elType":"widget"},{"id":"5037b332","settings":{"text_color":"#FFFFFF","typography_typography":"custom","typography_font_family":"Roboto","typography_font_size":{"unit":"px","size":16,"sizes":[]},"typography_font_weight":"400","__dynamic__":{"editor":"[elementor-tag id=\"0eb8b67\" name=\"post-excerpt\" settings=\"%7B%7D\"]"},"align":"center"},"elements":[],"isInner":false,"widgetType":"text-editor","elType":"widget"}],"isInner":false,"elType":"column"}],"isInner":false,"elType":"section"},{"id":"51db724d","settings":{"background_background":"classic","background_color":"#1D2C3B","padding":{"unit":"px","top":"5","right":"30","bottom":"30","left":"30","isLinked":false},"content_width":{"unit":"px","size":700,"sizes":[]},"sticky_on":["desktop","tablet"]},"elements":[{"id":"5918ceff","settings":{"_column_size":100,"_inline_size":null},"elements":[{"id":"53e2357a","settings":{"__dynamic__":{"_attributes":"[elementor-tag id=\"a377087\" name=\"post-id\" settings=\"%7B%7D\"]"}},"elements":[],"isInner":false,"widgetType":"Castos Player","elType":"widget"}],"isInner":false,"elType":"column"}],"isInner":false,"elType":"section"},{"id":"3d607b61","settings":{"background_background":"classic","background_color":"#233648"},"elements":[{"id":"7dbe214c","settings":{"_column_size":100,"_inline_size":100,"space_between_widgets":0,"margin":{"unit":"px","top":"","right":"","bottom":"","left":"","isLinked":false},"padding":{"unit":"px","top":"10","right":"10","bottom":"10","left":"10","isLinked":true},"custom_css":"selector {\n    max-width: 720px;\n    margin: 0 auto;\n}"},"elements":[{"id":"749cdab6","settings":{"structure":"30","margin":{"unit":"px","top":"0","right":0,"bottom":"0","left":0,"isLinked":true},"padding":{"unit":"px","top":"0","right":"0","bottom":"0","left":"0","isLinked":true}},"elements":[{"id":"1c5065c7","settings":{"_column_size":33,"_inline_size":23},"elements":[{"id":"7d7b3d8c","settings":{"text":"Download File","link":{"url":"","is_external":"","nofollow":"","custom_attributes":"ref|download"},"align":"right","size":"xs","selected_icon":{"value":"fas fa-download","library":"fa-solid"},"__dynamic__":{"link":"[elementor-tag id=\"8ef84da\" name=\"post-custom-field\" settings=\"%7B%22custom_key%22%3A%22audio_file%22%2C%22after%22%3A%22%3Fref%3Ddownload%22%7D\"]"}},"elements":[],"isInner":false,"widgetType":"button","elType":"widget"}],"isInner":true,"elType":"column"},{"id":"65c540b8","settings":{"_column_size":33,"_inline_size":27.28399999999999891997504164464771747589111328125},"elements":[{"id":"1a09fbb8","settings":{"text":"Play in new window","link":{"url":"","is_external":"on","nofollow":"","custom_attributes":"ref|new_window"},"size":"xs","selected_icon":{"value":"fas fa-external-link-square-alt","library":"fa-solid"},"__dynamic__":{"link":"[elementor-tag id=\"8ef84da\" name=\"post-custom-field\" settings=\"%7B%22custom_key%22%3A%22audio_file%22%2C%22after%22%3A%22%3Fref%3Dnew_window%22%7D\"]"}},"elements":[],"isInner":false,"widgetType":"button","elType":"widget"}],"isInner":true,"elType":"column"},{"id":"34d9d012","settings":{"_column_size":33,"_inline_size":49},"elements":[{"id":"49bcfaf2","settings":{"icon_list":[{"type":"custom","custom_date_format":"F j, Y","custom_time_format":"g:i a","show_icon":"custom","selected_icon":{"value":"far fa-clock","library":"fa-regular"},"__dynamic__":{"custom_text":"[elementor-tag id=\"c167e7d\" name=\"post-custom-field\" settings=\"%7B%22custom_key%22%3A%22duration%22%7D\"]"},"_id":"caf28fa"},{"_id":"53bbc86","type":"custom","custom_date_format":"F j, Y","custom_time_format":"g:i a","show_icon":"custom","selected_icon":{"value":"far fa-calendar","library":"fa-regular"},"__dynamic__":{"custom_text":"[elementor-tag id=\"b547b29\" name=\"post-custom-field\" settings=\"%7B%22custom_key%22%3A%22date_recorded%22%2C%22key%22%3A%22date_recorded%22%7D\"]"}},{"_id":"34ac775","type":"custom","custom_date_format":"F j, Y","custom_time_format":"g:i a","show_icon":"custom","selected_icon":{"value":"far fa-folder","library":"fa-regular"},"__dynamic__":{"custom_text":"[elementor-tag id=\"3170d1e\" name=\"post-terms\" settings=\"%7B%22separator%22%3A%22%2C%20%22%7D\"]"}}],"text_color":"#FFFFFF","icon_align":"right","_padding":{"unit":"px","top":"5","right":"5","bottom":"5","left":"5","isLinked":true},"space_between":{"unit":"px","size":10,"sizes":[]},"text_indent":{"unit":"px","size":5,"sizes":[]}},"elements":[],"isInner":false,"widgetType":"post-info","elType":"widget"}],"isInner":true,"elType":"column"}],"isInner":true,"elType":"section"}],"isInner":false,"elType":"column"}],"isInner":false,"elType":"section"},{"id":"601ad5c5","settings":{"background_background":"classic","background_color":"#182B3E"},"elements":[{"id":"219797fd","settings":{"_column_size":100,"_inline_size":null,"space_between_widgets":0,"padding":{"unit":"px","top":"20","right":"20","bottom":"20","left":"20","isLinked":true}},"elements":[{"id":"523f35bd","settings":{"title":"Subscribe on","header_size":"h6","align":"center","_margin":{"unit":"px","top":"0","right":"0","bottom":"8","left":"0","isLinked":false}},"elements":[],"isInner":false,"widgetType":"heading","elType":"widget"},{"id":"1b1bb984","settings":{"show_elements":null},"elements":[],"isInner":false,"widgetType":"Subscribe Buttons","elType":"widget"}],"isInner":false,"elType":"column"}],"isInner":false,"elType":"section"},{"id":"b3d3bee","settings":{"margin":{"unit":"px","top":"50","right":0,"bottom":"0","left":0,"isLinked":false}},"elements":[{"id":"db272ad","settings":{"_column_size":100,"_inline_size":null,"space_between_widgets":50},"elements":[{"id":"58b51ac9","settings":{"title":"Show Notes","align":"center","title_color":"#233648","custom_css":"selector {\n    position: relative;\n}\nselector:after {\n    content: '';\n    background: var(--e-global-color-primary);\n    height:3px;\n    width: 100px;\n    position: absolute;\n    left:calc(50% - 50px);\n    bottom:-13px;\n    border-radius: 5px;\n}"},"elements":[],"isInner":false,"widgetType":"heading","elType":"widget"},{"id":"4a3dc28a","settings":{"content_width":{"unit":"px","size":750,"sizes":[]},"margin":{"unit":"px","top":"0","right":0,"bottom":"50","left":0,"isLinked":false}},"elements":[{"id":"5d9dedfc","settings":{"_column_size":100,"_inline_size":null},"elements":[{"id":"765ba14c","settings":[],"elements":[],"isInner":false,"widgetType":"theme-post-content","elType":"widget"}],"isInner":true,"elType":"column"}],"isInner":true,"elType":"section"}],"isInner":false,"elType":"column"}],"isInner":false,"elType":"section"},{"id":"605ed5e9","settings":{"background_background":"classic","background_color":"#ECECEC","padding":{"unit":"px","top":"20","right":"0","bottom":"20","left":"0","isLinked":false}},"elements":[{"id":"17dd1449","settings":{"_column_size":100,"_inline_size":null},"elements":[{"id":"432450af","settings":{"prev_label":"Previous Episode","next_label":"Next Episode","arrow":"fa fa-chevron-left","show_borders":""},"elements":[],"isInner":false,"widgetType":"post-navigation","elType":"widget"}],"isInner":false,"elType":"column"}],"isInner":false,"elType":"section"},{"id":"2fcd8d1","settings":{"layout":"full_width","stretch_section":"section-stretched","background_background":"gradient","background_color":"#233648","background_color_b":"#1D2C3B","margin":{"unit":"px","top":"0","right":0,"bottom":"0","left":0,"isLinked":true},"__globals__":{"background_color":""},"padding":{"unit":"px","top":"50","right":"20","bottom":"50","left":"20","isLinked":false}},"elements":[{"id":"33dd265d","settings":{"_column_size":100,"_inline_size":null,"space_between_widgets":40},"elements":[{"id":"3ca08eec","settings":{"margin":{"unit":"px","top":"0","right":0,"bottom":"0","left":0,"isLinked":true},"padding":{"unit":"px","top":"0","right":"0","bottom":"50","left":"0","isLinked":false}},"elements":[{"id":"105264f7","settings":{"_column_size":100,"_inline_size":null,"space_between_widgets":0},"elements":[{"id":"6e1765f7","settings":{"editor":"<p><b>Show Name<\/b><\/p>","align":"center","__globals__":{"text_color":"globals\/colors?id=primary"}},"elements":[],"isInner":false,"widgetType":"text-editor","elType":"widget"},{"id":"784faf1e","settings":{"title":"Stay Connected","align":"center","title_color":"#FFFFFF","_margin":{"unit":"px","top":"0","right":"0","bottom":"0","left":"0","isLinked":true},"_padding":{"unit":"px","top":"0","right":"0","bottom":"0","left":"0","isLinked":true},"__globals__":{"title_color":""},"typography_typography":"custom","typography_font_family":"Roboto","typography_font_weight":"600","typography_line_height":{"unit":"em","size":1.5,"sizes":[]}},"elements":[],"isInner":false,"widgetType":"heading","elType":"widget"},{"id":"13728385","settings":{"editor":"<p>Amet minim mollit non deserunt ullamco est sit aliqua dolor do amet sint. Velit officia consequat duis enim velit mollit. Exercitation veniam consequat sunt nostrud amet.<\/p>","align":"center","__globals__":{"text_color":""},"text_color":"#FFFFFFA3"},"elements":[],"isInner":false,"widgetType":"text-editor","elType":"widget"}],"isInner":true,"elType":"column"}],"isInner":true,"elType":"section"},{"id":"320f3790","settings":{"form_name":"Subscribe Form","form_fields":[{"custom_id":"name","field_label":"Name","placeholder":"Name","_id":"1c67be8"},{"custom_id":"email","field_type":"email","required":"true","field_label":"Email","placeholder":"Email","_id":"2d01e57"}],"input_size":"lg","show_labels":"","button_align":"center","step_next_label":"Next","step_previous_label":"Previous","button_text":"SUBSCRIBE","submit_actions":[],"email_content":"[all-fields]","email_content_2":"[all-fields]","step_type":"none","form_id":"podcast_subscribe_form","custom_messages":"yes","success_message":"The form was sent successfully.","error_message":"An error occurred.","required_field_message":"This field is required.","invalid_message":"There's something wrong. The form is invalid.","html_spacing":{"unit":"px","size":10,"sizes":[]},"button_typography_typography":"custom","button_typography_font_family":"Roboto","button_typography_font_size":{"unit":"px","size":20,"sizes":[]},"button_typography_font_weight":"500","button_text_padding":{"unit":"px","top":"19","right":"19","bottom":"19","left":"19","isLinked":true},"custom_css":"@media (min-width: 768px) {\n#podcast_subscribe_form .elementor-form-fields-wrapper {\n    max-width: 80%;\n    margin:0 auto;\n    display:grid;\n    grid-template-columns: 1fr 1fr auto;\n}\n}"},"elements":[],"isInner":false,"widgetType":"form","elType":"widget"},{"id":"29bb481e","settings":{"show_elements":"0"},"elements":[],"isInner":false,"widgetType":"Subscribe Buttons","elType":"widget"},{"id":"4e5101a0","settings":{"text":"Subscribe Now","align":"center","size":"lg","typography_typography":"custom","typography_font_family":"Roboto","typography_font_weight":"400","typography_text_transform":"uppercase","text_padding":{"unit":"px","top":"20","right":"20","bottom":"20","left":"20","isLinked":true},"__globals__":{"button_text_color":"globals\/colors?id=secondary","background_color":"globals\/colors?id=primary","hover_color":"globals\/colors?id=text","button_background_hover_color":"globals\/colors?id=9cdc0fc"},"link":{"url":"\/subscribe","is_external":"","nofollow":"","custom_attributes":""},"selected_icon":{"value":"fas fa-podcast","library":"fa-solid"},"icon_align":"right","icon_indent":{"unit":"px","size":20,"sizes":[]},"typography_font_size":{"unit":"px","size":25,"sizes":[]},"typography_letter_spacing":{"unit":"px","size":-0.5,"sizes":[]},"button_text_color":"#1D2C3B","background_color":"#14E1B4","button_background_hover_color":"#14E1B4","hover_animation":"float"},"elements":[],"isInner":false,"widgetType":"button","elType":"widget"}],"isInner":false,"elType":"column"}],"isInner":false,"elType":"section"},{"id":"50421ed6","settings":{"layout":"full_width","stretch_section":"section-stretched","background_background":"classic","margin":{"unit":"px","top":"0","right":0,"bottom":"0","left":0,"isLinked":true},"padding":{"unit":"px","top":"50","right":"20","bottom":"50","left":"20","isLinked":false},"__globals__":{"background_color":""},"background_color":"#FFFFFF"},"elements":[{"id":"4213847e","settings":{"_column_size":100,"_inline_size":null,"padding":{"unit":"px","top":"0","right":"0","bottom":"0","left":"0","isLinked":true}},"elements":[{"id":"512c409d","settings":{"structure":"30","margin":{"unit":"px","top":"0","right":0,"bottom":"0","left":0,"isLinked":true},"padding":{"unit":"px","top":"0","right":"0","bottom":"0","left":"0","isLinked":false}},"elements":[{"id":"1b42cfda","settings":{"_column_size":33,"_inline_size":null,"space_between_widgets":20,"margin":{"unit":"px","top":"0","right":"0","bottom":"0","left":"0","isLinked":true}},"elements":[{"id":"5a8b8b15","settings":{"title":"New episodes","header_size":"h4","align":"left","__globals__":{"title_color":"globals\/colors?id=text"},"align_mobile":"center","typography_typography":"custom","typography_font_family":"Roboto","typography_font_weight":"600"},"elements":[],"isInner":false,"widgetType":"heading","elType":"widget"},{"id":"3dc135e4","settings":{"editor":"<p>We publish&nbsp;<b>INTERVAL<\/b> on <b>DAY<\/b> at <b>TIME<\/b>.<\/p>","__globals__":{"text_color":"globals\/colors?id=text"},"align_mobile":"center"},"elements":[],"isInner":false,"widgetType":"text-editor","elType":"widget"}],"isInner":true,"elType":"column"},{"id":"5adf2392","settings":{"_column_size":33,"_inline_size":null,"space_between_widgets":20,"margin":{"unit":"px","top":"0","right":"0","bottom":"0","left":"0","isLinked":true}},"elements":[{"id":"40a13c55","settings":{"title":"Follow us","header_size":"h4","align":"center","__globals__":{"title_color":"globals\/colors?id=text"}},"elements":[],"isInner":false,"widgetType":"heading","elType":"widget"},{"id":"5c23b910","settings":{"social_icon_list":[{"social_icon":{"value":"fab fa-facebook","library":"fa-brands"},"_id":"2afb074"},{"social_icon":{"value":"fab fa-twitter","library":"fa-brands"},"_id":"c9a45ec"},{"social_icon":{"value":"fab fa-youtube","library":"fa-brands"},"_id":"776e852"}],"icon_color":"custom","icon_size":{"unit":"px","size":25,"sizes":[]},"icon_padding":{"unit":"em","size":0.5,"sizes":[]},"icon_spacing":{"unit":"px","size":0,"sizes":[]},"__globals__":{"icon_primary_color":"","icon_secondary_color":"globals\/colors?id=primary","hover_primary_color":"globals\/colors?id=primary","hover_secondary_color":"globals\/colors?id=text"},"hover_primary_color":"#14E1B4","hover_secondary_color":"#233648","icon_primary_color":"#FFFFFF"},"elements":[],"isInner":false,"widgetType":"social-icons","elType":"widget"}],"isInner":true,"elType":"column"},{"id":"3fe6baa","settings":{"_column_size":33,"_inline_size":null,"space_between_widgets":20,"margin":{"unit":"px","top":"0","right":"0","bottom":"0","left":"0","isLinked":true}},"elements":[{"id":"21e98b8a","settings":{"title":"Be our guest?","header_size":"h4","align":"right","__globals__":{"title_color":"globals\/colors?id=text"},"align_mobile":"center"},"elements":[],"isInner":false,"widgetType":"heading","elType":"widget"},{"id":"4da45221","settings":{"text":"Join us on the Show","align":"right","size":"lg","typography_typography":"custom","typography_font_family":"Roboto","typography_font_weight":"500","typography_text_transform":"uppercase","text_padding":{"unit":"px","top":"20","right":"20","bottom":"20","left":"20","isLinked":true},"__globals__":{"button_text_color":"globals\/colors?id=text","background_color":"","hover_color":"globals\/colors?id=text","button_background_hover_color":"globals\/colors?id=primary"},"align_mobile":"center","button_text_color":"#233648","background_color":"#E9EFF2","hover_color":"#233648","button_background_hover_color":"#14E1B4"},"elements":[],"isInner":false,"widgetType":"button","elType":"widget"}],"isInner":true,"elType":"column"}],"isInner":true,"elType":"section"}],"isInner":false,"elType":"column"}],"isInner":false,"elType":"section"}],"page_settings":{"hide_title":"yes","template":"elementor_header_footer"}}